rois,x,y,z,RSN,Number,list of cognitive terms
7Networks_LH_Vis_1,-24,-53,-9,Visual,13,"parahippocampal, objects, visual, occipital temporal, ventral visual, place, audiovisual, occipital, ffa, fusiform, written, visual cortex, face ffa"
7Networks_LH_Vis_2,-25,-77,-14,Visual,11,"visual, fusiform, visual cortex, extrastriate, cerebellar, objects, occipito, visual stream, faces, vision, object"
7Networks_LH_Vis_3,-45,-69,-8,Visual,48,"visual, visual word, orthographic, occipital, word form, occipitotemporal, fusiform, objects, object, fusiform gyrus, reading, word, ventral visual, characters, words, mt, chinese, motion, occipito, occipital cortex, phonological, parietal, lateral occipital, occipito temporal, tasks, intraparietal, visual cortex, readers, inferior temporal, naming, extrastriate, pseudowords, occipitotemporal cortex, fronto parietal, occipital temporal, familiar, semantic, rotation, written, v5, temporal, form, unfamiliar, english, tools, lexical, recognition, intraparietal sulcus"
7Networks_LH_Vis_4,-10,-67,-4,Visual,5,"lingual, lingual gyrus, spatial information, target detection, navigation"
7Networks_LH_Vis_5,-27,-95,-12,Visual,5,"shifting, inferior occipital, video clips, vision, language network"
7Networks_LH_Vis_6,-14,-45,-3,Visual,13,"parahippocampal cortex, autobiographical, parahippocampal, recall, parahippocampal gyrus, retrosplenial cortex, nouns, written, retrosplenial, navigation, anterior hippocampus, autobiographical memory, retrieved"
7Networks_LH_Vis_7,-6,-93,-4,Visual,11,"v1, visual, early visual, visual cortex, imagery, primary visual, mt, visual cortices, occipital, occipito, execution"
7Networks_LH_Vis_8,-47,-70,10,Visual,38,"motion, mt, extrastriate, visual, videos, action observation, video, v5, movements, actions, temporal sulcus, video clips, action, neutral, viewing, occipitotemporal, eye movements, visual motion, occipitotemporal cortex, psts, aversive, lateral occipital, naturalistic, negative neutral, gestures, occipital, sulcus, social interaction, body, movement, social, categories, perception, visual cortex, v1, posterior superior, temporal, sts"
7Networks_LH_Vis_9,-23,-97,6,Visual,9,"visual, facial expression, words, bilinguals, occipitotemporal, real world, early visual, intraparietal, face"
7Networks_LH_Vis_10,-11,-70,7,Visual,10,"occipital lobe, rotation, visual, lingual, occipital, eyes, english, production, cuneus, reading"
7Networks_LH_Vis_11,-40,-85,10,Visual,21,"occipital, visual, naturalistic, occipital temporal, objects, middle occipital, lateral occipital, occipital parietal, naming, fusiform gyrus, fusiform, memory load, early visual, matching, passively, motion, mt, emotional information, object, face, sulcus"
7Networks_LH_Vis_12,-12,-73,22,Visual,15,"cuneus, autobiographical memory, thoughts, dmn, neocortical, frontal lobes, anterior hippocampus, autobiographical, cognitive deficits, precuneus, network dmn, episodic, cingulate cortices, referential, retrieval"
7Networks_LH_Vis_13,-8,-88,27,Visual,11,"cuneus, encode, sighted, occipital, vision, visual, dorsal attention, cortex ventral, default, default mode, memories"
7Networks_LH_Vis_14,-23,-87,24,Visual,24,"vision, v1, visual, mt, sighted, intraparietal sulcus, intraparietal, occipital, v5, motion, middle occipital, sulcus, ips, extrastriate, sulcus ips, spatial, visuo, concurrently, occipital gyrus, visual cortices, touch, occipital cortex, multisensory, navigation"
7Networks_LH_SomMot_1,-51,-5,-2,Somato Motor,25,"sounds, auditory, planum, planum temporale, temporale, auditory cortex, listening, sound, speech, music, superior temporal, vocal, anterior superior, acoustic, hearing, listened, musical, heschl, temporal gyrus, superior, heard, musicians, temporal lobes, perception, sii"
7Networks_LH_SomMot_2,-53,-25,9,Somato Motor,48,"auditory, auditory cortex, sound, sounds, primary auditory, speech, listening, planum temporale, temporale, audiovisual, planum, listened, multisensory, pitch, superior temporal, heschl, acoustic, heschl gyrus, spoken, temporal, sensory, visual auditory, noise, modality, auditory stimuli, tone, auditory visual, streams, voice, posterior superior, superior, gyrus stg, music, stream, integration, passive, modalities, production, temporal gyrus, speech perception, perception, lexical, sts, speech production, language, articulatory, primary, sentences"
7Networks_LH_SomMot_3,-37,-21,15,Somato Motor,23,"pain, posterior insula, insular, somatosensory, insula, noxious, insular cortex, painful, sii, stimulation, intensity, secondary somatosensory, operculum, primary somatosensory, somatosensory cortex, rehabilitation, ratings, touch, anterior insular, s1, nociceptive, anterior insula, somatosensory cortices"
7Networks_LH_SomMot_4,-55,-5,10,Somato Motor,28,"nociceptive, somatosensory, sii, pain, somatosensory cortices, noxious, s1, secondary somatosensory, postcentral, sensorimotor, somatosensory cortex, painful, primary, motor, primary secondary, operculum, superior temporal, cortex hippocampus, primary motor, primary somatosensory, superior, stimulation, posterior insula, intensity, motor cortex, contralateral, premotor cortex, premotor"
7Networks_LH_SomMot_5,-53,-23,18,Somato Motor,47,"secondary somatosensory, tactile, somatosensory, sii, somatosensory cortex, touch, somatosensory cortices, primary somatosensory, finger, contralateral, primary, si, s1, stimulation, movement, motor, pain, foot, ipsilateral, primary motor, electrical, sensory, index finger, painful, movements, sensorimotor, tapping, premotor, noxious, hand, force, premotor cortex, cerebellum, motor cortex, auditory, sounds, cortices, motor imagery, anterior insular, primary secondary, skin, nociceptive, operculum, finger tapping, hands, ventral premotor, coordination"
7Networks_LH_SomMot_6,-56,-8,31,Somato Motor,22,"production, speech production, sensorimotor, primary motor, premotor, speech, motor, somatosensory, oral, sensorimotor cortex, aphasia, premotor cortex, lateralization, ventral premotor, cerebellum, primary, motor sma, sensorimotor network, cortices, movement, movements, supplementary motor"
7Networks_LH_SomMot_7,-47,-9,46,Somato Motor,63,"premotor, motor, eye movements, premotor cortex, saccades, movements, loop, motor cortex, production, eye, speech, auditory, language, phonological, stroke, motor imagery, supplementary, movement, reading, listening, supplementary motor, articulatory, dorsal premotor, eye movement, primary motor, dyslexia, covert, musical, aphasia, manual, vocal, pitch, rehearsal, sensorimotor, musicians, speech production, abstract, linguistic, eye fields, sensory motor, executed, execution, s1, naming, pseudowords, music, oral, contralateral, saccade, fixation, primary, tapping, motor task, sensory, handed, sounds, cerebellum, imagery, hand movements, hand, action, intraparietal, finger"
7Networks_LH_SomMot_8,-7,-12,46,Somato Motor,28,"motor, premotor, motor cortex, hand, primary sensorimotor, premotor cortex, supplementary motor, cortex supplementary, supplementary, primary motor, coordination, foot, ventral premotor, sensorimotor, dorsal premotor, motor task, caudal, motor network, handed, movement, movements, execution, primary, cortex posterior, sensorimotor cortex, cerebellum, motor premotor, force"
7Networks_LH_SomMot_9,-48,-28,57,Somato Motor,38,"finger, sensorimotor cortex, motor, tactile, ipsilateral, somatosensory, sensorimotor, index finger, motor cortex, primary, hand, somatosensory cortex, primary motor, premotor, finger tapping, contralateral, movement, movements, s1, primary somatosensory, tapping, premotor cortex, finger movements, motor network, parietal, grasping, compensation, visually, motor performance, primary sensorimotor, externally, m1, reorganization, sulcus ips, force, si, ips, hands"
7Networks_LH_SomMot_10,-39,-24,58,Somato Motor,62,"primary motor, motor, finger, motor cortex, hand, primary, contralateral, movement, m1, sensorimotor, finger tapping, index finger, ipsilateral, tapping, sensorimotor cortex, premotor, somatosensory, movements, cortex m1, primary sensorimotor, motor task, premotor cortex, tactile, motor network, supplementary motor, motor imagery, somatosensory cortices, force, ventral premotor, somatosensory cortex, grasping, s1, supplementary, visuomotor, dorsal premotor, finger movements, execution, touch, motor performance, primary somatosensory, limb, stimulation, secondary somatosensory, visually, coordination, sensory motor, cortex supplementary, handed, cerebellum, hand movements, sii, imagery, motor premotor, sensory, electrical, arm, executed, stimulation tms, dominant, caudal, putamen, cerebellar"
7Networks_LH_SomMot_11,-31,-46,63,Somato Motor,59,"hand, action observation, premotor, spl, action, intraparietal sulcus, parietal, limb, motor, movement, movements, dorsal premotor, sulcus, intraparietal, finger, actions, execution, motor imagery, touch, tapping, premotor cortex, parietal cortex, motion, video, ppc, tactile, finger movements, v5, gestures, anterior intraparietal, ventral premotor, hand movements, video clips, superior parietal, parieto, tools, motor function, sensorimotor, finger tapping, sulcus ips, hands, superior inferior, handed, rotation, visuomotor, ips, contralateral, videos, motor sma, motor network, primary motor, vision, posterior parietal, grasping, imagined, posterior superior, cortex cerebellum, tasks, supplementary"
7Networks_LH_SomMot_12,-31,-20,64,Somato Motor,56,"motor cortex, primary motor, motor, premotor, movement, m1, hand, premotor cortex, dorsal premotor, primary, movements, contralateral, sensorimotor, finger, motor premotor, cortex m1, ipsilateral, somatosensory, hand movements, sensorimotor cortex, somatosensory cortex, finger movements, arm, tapping, force, supplementary motor, limb, ventral premotor, supplementary, handed, execution, s1, cortex supplementary, primary somatosensory, cerebellum, primary sensorimotor, executed, interhemispheric, motor network, visually, magnetic stimulation, motor control, visuomotor, dorsal, sensory motor, stroke, reaching, cortex ventral, rehabilitation, stimulation, caudal, action, parietal, cerebellar, motor task, motor sma"
7Networks_LH_SomMot_13,-26,-38,68,Somato Motor,27,"primary motor, motor cortex, ipsilateral, contralateral, movement, sensorimotor, parieto, motor, sensorimotor network, rhythm, sensations, arm, premotor, secondary somatosensory, reappraisal, hand, postcentral, limb, primary secondary, movements, somatosensory, motor function, primary, motor premotor, cerebellum, hands, force"
7Networks_LH_SomMot_14,-20,-11,68,Somato Motor,36,"dorsal premotor, premotor, motor, movement, execution, movements, premotor cortex, hand, primary motor, motor cortex, hand movements, m1, supplementary motor, limb, supplementary, parkinson disease, parkinson, disease pd, hands, action, motor performance, primary, pd, touch, motor network, parietal, inferior superior, anterior intraparietal, motor sma, superior parietal, parietal lobe, grasping, mirror, sensorimotor, videos, coordination"
7Networks_LH_SomMot_15,-7,-30,66,Somato Motor,31,"foot, limb, somatosensory, sensorimotor cortex, sensorimotor, executed, hand, motor, movement, cortex m1, motor premotor, somatosensory cortex, primary motor, primary somatosensory, motor cortex, body, movements, contralateral, motor imagery, somatosensory cortices, si, m1, sii, periaqueductal, arm, motor network, s1, premotor, primary, supplementary motor, supplementary"
7Networks_LH_SomMot_16,-19,-31,68,Somato Motor,17,"somatosensory, somatosensory cortices, secondary somatosensory, somatosensory cortex, sensorimotor, muscle, arm, primary somatosensory, primary secondary, sensorimotor cortex, primary, insular cortex, putamen, insular, motor cortex, primary motor, electrical"
7Networks_LH_DorsAttn_Post_1,-43,-48,-19,Dorsal Attention,61,"fusiform, visual word, word form, fusiform face, face, ffa, faces, face ffa, words, fusiform gyrus, orthographic, word, reading, visual, occipito, occipitotemporal, occipito temporal, written, objects, face recognition, temporal cortex, readers, viewing, recognition, selective, categories, object, ventral visual, word recognition, semantic, category, form, temporal, pseudowords, occipitotemporal cortex, language, extrastriate, lexical, fusiform gyri, amygdala, sentences, comprehension, videos, expertise, language comprehension, perception, phonological, repetition suppression, ventral, inferior temporal, temporal sulcus, passive viewing, unfamiliar, pictures, visual stream, letter, characters, superior temporal, visually, linguistic, inferior frontal"
7Networks_LH_DorsAttn_Post_2,-57,-60,-1,Dorsal Attention,16,"temporal, tools, motion, objects, semantic, visual motion, lexical, visual, posterior superior, aphasia, words, gestures, reading, word form, sighted, fusiform gyrus"
7Networks_LH_DorsAttn_Post_3,-26,-70,38,Dorsal Attention,35,"intraparietal sulcus, intraparietal, ips, sulcus ips, tasks, task, sulcus, parietal, rule, retrieval, demands, superior parietal, color, shifting, arithmetic, task difficulty, working memory, digit, working, parietal lobe, visual, reading, object, difficulty, memory, gestures, letter, parietal cortex, anterior intraparietal, words, calculation, inferior, loop, objects, language"
7Networks_LH_DorsAttn_Post_4,-54,-26,42,Dorsal Attention,53,"premotor, motor, actions, finger, s1, hand, action, somatosensory, parietal, finger movements, movements, action observation, tactile, sensorimotor, motor cortex, object, sensory information, ventral premotor, posterior parietal, objects, imagery, supramarginal, somatosensory cortex, tools, tapping, coordination, motor task, premotor cortex, execution, force, primary somatosensory, motor imagery, hands, intraparietal sulcus, somatosensory cortices, finger tapping, index finger, mirror, superior inferior, touch, empathy, intraparietal, cortices, primary, video, cerebellum, motor premotor, visuomotor, mental imagery, inferior parietal, superior parietal, limb, primary motor"
7Networks_LH_DorsAttn_Post_5,-41,-35,47,Dorsal Attention,65,"premotor, intraparietal sulcus, intraparietal, parietal, anterior intraparietal, motor, action, premotor cortex, sulcus, movements, finger, ips, finger movements, execution, action observation, tactile, hand, touch, grasping, dorsal premotor, ventral premotor, imagery, sulcus ips, mirror, objects, superior parietal, somatosensory, primary somatosensory, motor imagery, ppc, visually, cortex parietal, tasks, movement, parietal lobules, hands, actions, primary, preparation, visual, tools, inferior parietal, modality, parietal cortex, cortex ppc, somatosensory cortex, working memory, executed, motor network, supplementary, working, reaching, spatial, finger tapping, lobules, coordination, task, sensory, si, posterior parietal, object, sensorimotor, supplementary motor, primary motor, motor cortex"
7Networks_LH_DorsAttn_Post_6,-33,-49,47,Dorsal Attention,54,"parietal, intraparietal, intraparietal sulcus, posterior parietal, tasks, ips, parietal cortex, sulcus, task, sulcus ips, eye fields, superior parietal, mood, eye, parietal network, frontoparietal, ppc, movements, rules, cortex ppc, eye movements, spatial attention, frontal eye, finger movements, interference, color, working memory, fronto parietal, working, parietal lobe, shifts, fronto, premotor, rule, orienting, saccades, spatial, attention network, motor, shifting, prefrontal parietal, calculation, attention, executed, parietal frontal, sulci, storage, visual, frontoparietal network, lobules, phonological, spl, action, movement"
7Networks_LH_DorsAttn_Post_7,-17,-73,54,Dorsal Attention,56,"parietal, intraparietal, spatial, frontal eye, intraparietal sulcus, superior parietal, parietal cortex, sulcus ips, sulcus, ips, working memory, location, visuospatial, eye, eye field, working, task, eye fields, premotor, shifting, visual, visuomotor, parieto, hand, vision, space, motor imagery, fronto, memory, stream, attention, ventral premotor, parietal network, calculation, tasks, visuo, spatial information, color, wm task, shifts, handed, posterior parietal, object, attentional, imagined, frontoparietal, imagery, movements, orienting, ventral visual, fronto parietal, dominant, action, planning, mt, motor"
7Networks_LH_DorsAttn_Post_8,-29,-60,59,Dorsal Attention,63,"parietal, movements, ppc, superior parietal, intraparietal, cortex ppc, eye movements, eye fields, premotor, saccades, parietal cortex, posterior parietal, eye, intraparietal sulcus, frontal eye, saccade, execution, visual, ips, spl, sulcus ips, motor, rehearsal, tasks, hand, motor imagery, goal directed, action, preparation, hands, movement, sulcus, finger movements, dorsal premotor, finger, imagery, fronto parietal, parietal lobule, response time, eye field, fixation, target, lobule, action observation, actions, preparatory, grasping, occipital, calculation, mt, superior inferior, visually, motion, spatial, visual cortices, visuomotor, task, attentional, supplementary, gestures, premotor cortex, hand movements, limb"
7Networks_LH_DorsAttn_Post_9,-6,-59,57,Dorsal Attention,10,"navigation, imitation, superior parietal, frontopolar, spatial attention, spl, execution, parietal, retrosplenial, planning"
7Networks_LH_DorsAttn_Post_10,-17,-53,68,Dorsal Attention,15,"superior parietal, parietal, somatosensory, serial, motor imagery, somatosensory cortices, movements, parietal lobe, motor, imagery, painful, superior, frontopolar, basal, premotor"
7Networks_LH_DorsAttn_FEF_1,-31,-4,53,Dorsal Attention,57,"eye fields, frontal eye, eye, premotor, motor, movements, motor imagery, spatial attention, parietal, imagery, dorsal premotor, tasks, movement, spatial, supplementary, eye movements, premotor cortex, eye field, intraparietal, preparatory, superior parietal, saccade, task, attentional, execution, intraparietal sulcus, motor performance, orienting, working memory, finger, cue, parietal frontal, sulcus, working, finger movements, attention, sensorimotor, preparation, action, pre supplementary, fronto parietal, sulcus ips, pre sma, parietal cortex, supplementary motor, load, hand, visuomotor, planning, visual, simulation, visuo spatial, tapping, action observation, ips, frontal, demands"
7Networks_LH_DorsAttn_FEF_2,-23,6,61,Dorsal Attention,27,"parietal, working memory, working, parietal cortex, navigation, intraparietal, memory wm, spatial, intraparietal sulcus, memory, calculation, frontoparietal, parietal network, wm, superior parietal, tasks, frontal parietal, premotor, virtual, demands, action, imagined, actions, grasping, sulcus, task, fronto parietal"
7Networks_LH_DorsAttn_PrCv_1,-48,6,29,Dorsal Attention,63,"phonological, reading, tasks, demands, frontal, inferior frontal, language, task, working, working memory, word, letter, premotor, parietal, inferior, linguistic, words, maintenance, orthographic, ventral premotor, memory, posterior inferior, performance, languages, interference, intraparietal, lexical, english, gyrus inferior, ba 44, semantic, visual word, difficult, calculation, load, ifg, rehearsal, letters, verb, intraparietal sulcus, memory load, visual, complexity, word form, judgment, parietal cortex, dorsal ventral, engagement, speakers, planning, broca, chinese, frontal gyrus, fronto parietal, decision task, premotor cortex, pseudowords, mood, memory wm, production, characters, action observation, retrieval"
7Networks_LH_SalVentAttn_ParOper_1,-56,-40,20,Salient Ventral Attention,32,"auditory, listening, motor, speech production, superior temporal, production, temporal, speech, phonological, premotor cortex, mirror, premotor, sensorimotor, action, psts, tapping, auditory visual, somatosensory cortices, hearing, rhythm, oddball, posterior, primary secondary, modality, listened, posterior superior, motor control, action observation, musical, imagery, inferior frontal, somatosensory"
7Networks_LH_SalVentAttn_ParOper_2,-61,-25,29,Salient Ventral Attention,45,"somatosensory, pain, somatosensory cortex, tactile, touch, motor, primary somatosensory, coordination, premotor, painful, somatosensory cortices, empathy, hand, primary, stimulation, secondary somatosensory, muscle, premotor cortex, primary motor, ipsilateral, motor cortex, noxious, execution, s1, movements, verb, insula, supplementary, supplementary motor, motor task, motor premotor, supramarginal, finger, imitation, parietal, electrical, motor sma, movement, sensory, mirror, primary secondary, action, inferior parietal, contralateral, motor imagery"
7Networks_LH_SalVentAttn_ParOper_3,-60,-39,36,Salient Ventral Attention,11,"inferior parietal, parietal lobules, somatosensory cortices, lobules, parietal, signal task, supramarginal, stop signal, fronto parietal, inferior, insula"
7Networks_LH_SalVentAttn_FrOperIns_1,-39,-4,-4,Salient Ventral Attention,26,"insula, pain, posterior insula, insular, insular cortex, amygdala anterior, empathy, anterior insula, events, painful, emotions, pleasant, somatosensory cortices, touch, autonomic, somatosensory, affective, sensations, emotional, pictures, valence, neutral, force, anterior, noxious, cingulate"
7Networks_LH_SalVentAttn_FrOperIns_2,-34,20,5,Salient Ventral Attention,32,"anterior insula, insula, insula anterior, gain, anterior insular, frontal, insular, anterior, task, inferior frontal, mood, pain, demands, painful, executive functions, insula inferior, tasks, anterior cingulate, inferior, conflicting, medial frontal, cognitive control, executive, cortex anterior, acc, conflict, insular cortex, maintenance, interference, parietal, phonological, frontoparietal"
7Networks_LH_SalVentAttn_FrOperIns_3,-39,1,11,Salient Ventral Attention,42,"insula, somatosensory, pain, secondary somatosensory, electrical, muscle, autonomic, painful, somatosensory cortex, sii, motor cortex, insular, empathy, motor, primary somatosensory, contralateral, primary motor, ipsilateral, heart, premotor, heart rate, cortex insula, empathic, cortices, insular cortex, supplementary motor, cingulate cortices, food, primary, posterior insula, insula anterior, intensity, supplementary, affective, noxious, anterior insula, premotor cortex, stimulation, finger tapping, motor sma, coordination, execution"
7Networks_LH_SalVentAttn_FrOperIns_4,-51,9,10,Salient Ventral Attention,48,"inferior frontal, language, inferior, premotor, motor imagery, motor, execution, frontal gyrus, ifg, broca, phonological, gyrus ifg, frontal, supplementary motor, speech, spoken, supplementary, production, rehearsal, articulatory, naming, semantic, languages, pre sma, supramarginal, word, supramarginal gyrus, words, pseudowords, tasks, speech production, motor sma, imagery, sentences, language network, mirror, ventral premotor, reading, gyrus, modality, premotor cortex, muscle, orthographic, movement, motor network, insula, somatosensory, parietal"
7Networks_LH_SalVentAttn_PFCl_1,-29,43,31,Salient Ventral Attention,4,"dorsolateral prefrontal, dorsolateral, cingulate, prefrontal"
7Networks_LH_SalVentAttn_Med_1,-6,10,41,Salient Ventral Attention,35,"pain, cingulate, anterior cingulate, painful, anterior insula, anterior, motor, insula, cingulate cortex, supplementary motor, execution, finger tapping, insula anterior, supplementary, basal ganglia, ganglia, preparation, sensorimotor cortex, conflict, basal, caudal, expectancy, motor cortex, noxious, tapping, operculum, hand, thalamus, premotor, somatosensory, speech production, secondary somatosensory, premotor cortex, movement, primary"
7Networks_LH_SalVentAttn_Med_2,-11,-35,46,Salient Ventral Attention,2,"autonomic, self referential"
7Networks_LH_SalVentAttn_Med_3,-6,-3,65,Salient Ventral Attention,66,"motor, movements, supplementary, supplementary motor, finger, tapping, motor imagery, premotor, finger tapping, imagery, primary motor, movement, motor cortex, hand, motor performance, sensorimotor, premotor cortex, coordination, updating, finger movements, primary, execution, primary sensorimotor, sequence, foot, dorsal premotor, imagine, cortex supplementary, handed, motor task, cerebellar, motor sma, m1, tasks, cerebellum, rehabilitation, basal ganglia, force, ganglia, basal, eye movements, pre sma, mental imagery, ipsilateral, eye movement, hand movements, eye, s1, production, compensation, sensorimotor cortex, sequences, eye fields, imagined, cortico, visually, vermis, contralateral, motor network, ventral premotor, task, motor function, motor control, sequential, simulation, parietal"
7Networks_LH_Limbic_OFC_1,-24,22,-20,Limbic,10,"orbitofrontal, orbitofrontal cortex, cortex ofc, ofc, temporal cortices, amygdala hippocampus, complex, video clips, social interactions, amygdala"
7Networks_LH_Limbic_OFC_2,-10,36,-20,Limbic,17,"autonomic, orbitofrontal, ofc, orbitofrontal cortex, cortex ofc, spectrum disorder, medial orbitofrontal, medial, mentalizing, amygdala anterior, amygdala, mci, medial lateral, semantic memory, reinforcement, noxious, medial temporal"
7Networks_LH_Limbic_TempPole_1,-29,-6,-39,Limbic,10,"progressive, medial temporal, semantic memory, anterior temporal, aphasia, atrophy, dementia, distraction, lobe mtl, temporal lobe"
7Networks_LH_Limbic_TempPole_2,-45,-20,-30,Limbic,9,"anterior temporal, inferior temporal, likelihood, inferior occipital, reading, occipito, written, posterior temporal, coordination"
7Networks_LH_Limbic_TempPole_3,-28,10,-34,Limbic,16,"neocortical, paralimbic, temporal pole, semantic memory, temporal lobes, pole, emotional valence, amygdala hippocampus, olfactory, medial pfc, hippocampus, valence, dementia, emotionally, amygdala, temporal"
7Networks_LH_Limbic_TempPole_4,-42,8,-19,Limbic,7,"temporal pole, pole, pleasant, anterior temporal, neutral stimuli, aversive, superior inferior"
7Networks_LH_Cont_Par_1,-53,-51,46,Control,9,"parietal, parietal cortex, inferior parietal, dorsal attention, rehearsal, reasoning, ipl, retrieval, angular"
7Networks_LH_Cont_Par_2,-35,-62,48,Control,36,"retrieval, parietal, memory retrieval, memory, episodic, parietal cortex, intraparietal, retrieved, recollection, posterior parietal, episodic memory, intraparietal sulcus, superior parietal, words, recognition memory, items, encoded, word, engagement, parietal lobule, recognition, prefrontal parietal, memory tasks, judgments, parietal cortices, lobule, parietal network, familiarity, inferior parietal, tasks, domain general, working, working memory, encoding, memories, execution"
7Networks_LH_Cont_Par_3,-45,-42,46,Control,50,"parietal, intraparietal, intraparietal sulcus, anterior intraparietal, parietal cortex, inferior parietal, working memory, sulcus, working, sulcus ips, posterior parietal, demands, ips, premotor, parietal lobules, tasks, tactile, task, superior parietal, lobules, calculation, action, fronto parietal, ppc, parietal lobule, execution, symbolic, memory wm, sequences, cortex ppc, actions, arithmetic, lobule, pre sma, spatial, finger tapping, visuo spatial, ventral premotor, visuo, inferior, chinese, parietal network, rules, wm, motor pre, gain, memory, imagery, dorsolateral, premotor cortex"
7Networks_LH_Cont_Temp_1,-61,-43,-13,Control,18,"retrieval, memories, characters, words, semantic memory, episodic, parahippocampal cortex, semantic, word, readers, subsequent memory, memory, episodic memory, temporal, lateral parietal, autobiographical, autobiographical memory, encoding"
7Networks_LH_Cont_OFC_1,-32,43,-13,Control,10,"orbitofrontal cortex, cortex ofc, orbitofrontal, ofc, cortex ventral, risky, alzheimer disease, alzheimer, medial lateral, memories"
7Networks_LH_Cont_PFCl_1,-42,49,-6,Control,9,"reasoning, rules, relational, reappraisal, retrieval, losses, memory retrieval, noxious, prefrontal"
7Networks_LH_Cont_PFCl_2,-28,58,8,Control,10,"older adults, insula inferior, planning, aging, prefrontal cortex, medial, retrieval, prefrontal, medial temporal, memory"
7Networks_LH_Cont_PFCl_3,-42,40,16,Control,9,"lexical, frontal, retrieval, strategic, rules, memory, inferior frontal, episodic, prefrontal"
7Networks_LH_Cont_PFCl_4,-44,20,27,Control,62,"language, retrieval, memory, semantic, word, frontal, load, characters, tasks, dorsolateral, nouns, task, words, inferior frontal, working memory, sentences, working, judgment, lexical, lateral prefrontal, demands, memory retrieval, semantically, inferior, parietal, dlpfc, prefrontal, reading, verb, stroop task, stroop, matching, cortex dlpfc, english, parietal network, syntactic, items, episodic memory, pre sma, rule, ba 44, phonological, motor pre, cognitive control, matching task, prefrontal parietal, sentence, frontal parietal, success, wm, languages, sentence comprehension, dorsolateral prefrontal, ifg, chinese, linguistic, memory tasks, memory wm, domain general, comprehension, episodic, encoding"
7Networks_LH_Cont_PFCl_5,-43,6,44,Control,31,"sentence, language, linguistic, sentences, syntactic, autobiographical, semantic, verbs, comprehension, sentence comprehension, memory, reasoning, retrieval, verb, inferences, memory retrieval, languages, working memory, episodic, temporal, tasks, working, lexical, frontal, verbal working, broca, load, english, demands, prefrontal, memories"
7Networks_LH_Cont_pCun_1,-9,-73,37,Control,24,"retrieval, memory retrieval, episodic, precuneus, retrosplenial, domain general, episodic memory, recollection, retrieved, beliefs, item, correctly, remembering, cuneus, retrosplenial cortex, remembered, items, autobiographical, prefrontal cortex, anterior prefrontal, prefrontal, words, autobiographical memory, memory"
7Networks_LH_Cont_Cing_1,-5,-29,27,Control,12,"posterior cingulate, cingulate, memory, retrieval, hippocampus, fronto, frontal lobes, memories, items, recollection, cingulate cortex, anterior"
7Networks_LH_Cont_Cing_2,-3,5,29,Control,19,"cingulate, happy, neutral pictures, empathy, cingulate cortex, neutral, anterior, insula, middle cingulate, sad, pictures, anterior cingulate, affective, painful, ofc, anterior insula, pain, emotional, amygdala"
7Networks_LH_Default_Temp_1,-47,8,-32,Default,34,"anterior temporal, person, abstract, temporal pole, medial, mentalizing, pole, paralimbic, posterior cingulate, belief, temporal, temporoparietal junction, medial prefrontal, comprehension, default, social cognitive, concrete, sentences, videos, concepts, musical, tom, mental states, retrieval, default mode, theory mind, retrieved, temporal lobes, social, cortex posterior, empathy, traits, recollection, temporal lobe"
7Networks_LH_Default_Temp_2,-60,-19,-22,Default,20,"default, network dmn, dmn, anterior medial, retrieved, default mode, mind, thoughts, default network, mtg, autobiographical, cortex pcc, pcc, lateral temporal, belief, self referential, events, retrieval, referential, mental states"
7Networks_LH_Default_Temp_3,-56,-6,-12,Default,47,"comprehension, sentences, spoken, sentence, listening, semantic, speech, language, temporal, speaker, superior temporal, linguistic, autobiographical, sentence comprehension, middle temporal, fronto temporal, temporal gyrus, language network, autobiographical memory, negative neutral, words, syntactic, listened, personal, anterior temporal, anterior superior, language comprehension, verbs, temporal lobes, sounds, auditory cortex, auditory, superior middle, lexical, aphasia, temporal lobe, superior, verb, acoustic, temporal sulcus, heard, visuospatial, retrieved, word, planum temporale, temporale, construction"
7Networks_LH_Default_Temp_4,-58,-31,-4,Default,39,"middle temporal, temporal, sentences, comprehension, sentence, temporal gyrus, superior temporal, language, temporal sulcus, reappraisal, auditory, language comprehension, words, linguistic, speaker, listening, inferior frontal, mood, fronto temporal, speech, temporal cortex, listened, acoustic, angular gyrus, reading, memories, auditory cortex, autobiographical, posterior middle, lateralized, sts, superior, syntactic, language network, semantic, neutral pictures, vocal, theory mind, mind tom"
7Networks_LH_Default_Temp_5,-58,-42,7,Default,77,"superior temporal, temporal, language, temporal sulcus, sts, audiovisual, syntactic, sentences, speech, sentence, words, auditory, spoken, sulcus sts, semantic, reading, word, linguistic, comprehension, posterior superior, superior, phonological, auditory visual, language network, voice, temporal gyrus, inferior frontal, listening, modality, sentence comprehension, hemisphere, speaker, psts, middle temporal, sulcus, lateralized, languages, language comprehension, english, inferior, posterior middle, speech perception, posterior temporal, visual word, visually presented, speakers, temporal cortex, production, broca, integration, gyrus, lexical, unimodal, planum temporale, temporale, written, sounds, visual auditory, orthographic, recognition, demands, engagement, vocal, acoustic, planum, speech production, verbs, heard, hearing, posterior, auditory cortex, temporal lobe, word form, face, listened, frontal, visual"
7Networks_LH_Default_Par_1,-49,-57,18,Default,41,"junction, temporal sulcus, temporoparietal junction, temporoparietal, parietal junction, temporo parietal, sts, mentalizing, temporo, superior temporal, theory mind, temporal, gestures, moral, language, posterior superior, psts, mental states, sulcus, social, posterior temporal, read, autobiographical, pseudowords, superior, beliefs, sulcus sts, sentence, social cognitive, belief, autobiographical memory, videos, sentences, mind, detection task, mental state, angular gyrus, middle temporal, linguistic, medial prefrontal, mind tom"
7Networks_LH_Default_Par_2,-38,-79,32,Default,19,"retrosplenial, episodic, memories, retrieval, episodic memory, memory, navigation, anterior hippocampus, medial temporal, retrosplenial cortex, angular gyrus, task difficulty, parahippocampal cortex, memory retrieval, virtual, hippocampus, angular, medial, parahippocampal"
7Networks_LH_Default_Par_3,-57,-54,28,Default,23,"theory mind, mind, mind tom, tom, angular, temporoparietal, angular gyrus, temporo parietal, supramarginal, temporoparietal junction, junction, temporo, theory, dmpfc, beliefs, memory retrieval, retrieval, mental states, comprehension, parietal, default, medial prefrontal, prefrontal"
7Networks_LH_Default_Par_4,-46,-66,38,Default,27,"angular, angular gyrus, default, default network, functional connectivity, default mode, items, connectivity, dmn, resting state, network dmn, posterior cingulate, thinking, remembered, resting, precuneus, lateral parietal, self referential, episodic, retrieval, recollection, referential, memories, mental state, parietal, autobiographical, memory"
7Networks_LH_Default_PFC_1,-35,21,-13,Default,19,"anterior insula, insula, anterior, inferior frontal, anterior cingulate, cingulate, stop signal, salience network, acc, lateral orbitofrontal, cortex dacc, orbitofrontal cortex, prefrontal, cingulate cortex, orbitofrontal, stop, response inhibition, pictures, prefrontal cortex"
7Networks_LH_Default_PFC_2,-6,36,-10,Default,49,"vmpfc, anterior, medial prefrontal, cortex vmpfc, medial, ventral medial, anterior cingulate, orbitofrontal, cingulate, value, orbitofrontal cortex, choices, cingulate cortex, decision, striatum, rostral anterior, prefrontal cortex, decision making, prefrontal, ventromedial prefrontal, outcomes, taste, dorsal striatum, ventral striatum, anterior medial, subgenual, ventromedial, medial orbitofrontal, choice, cortex ventral, gain, autobiographical memory, money, gambling, posterior cingulate, reward, cortex anterior, cortex mpfc, midline, acc, rewards, nucleus accumbens, autobiographical, rewarding, default, accumbens, mpfc, amygdala, insula"
7Networks_LH_Default_PFC_3,-46,31,-8,Default,54,"inferior frontal, comprehension, ifg, sentences, frontal gyrus, language, gyrus ifg, words, semantic, linguistic, reappraisal, pairs, language network, ventrolateral, cortex vlpfc, inferior prefrontal, sentence, verbs, remembering, inferior, vlpfc, word, temporal, frontal, subsequent memory, episodic, emotion regulation, gyrus, self referential, language comprehension, prefrontal, negative affect, mental states, encoding, middle temporal, referential, pfc, mtg, regulation, lexical, contextual, episodic memory, mind, social, posterior middle, verb, theory mind, temporo, affective, retrieval, temporal gyrus, mind tom, medial prefrontal, autobiographical"
7Networks_LH_Default_PFC_4,-13,63,-6,Default,11,"mci, ofc, orbitofrontal cortex, gyrus precuneus, avoidance, orbitofrontal, medial, memory test, pre supplementary, autobiographical, medial prefrontal"
7Networks_LH_Default_PFC_5,-51,23,8,Default,50,"sentences, inferior frontal, semantic, comprehension, syntactic, sentence, language, sentence comprehension, ifg, words, gyrus ifg, heard, frontal gyrus, verb, spoken, inferior, pars, middle temporal, linguistic, frontal, nouns, temporal, reading, language comprehension, verbs, word, fronto temporal, mind tom, temporal gyrus, empathic, word form, remembered, mental states, intentions, tom, angry, characters, posterior middle, lexical, memories, visual word, empathy, lateral temporal, semantic memory, autobiographical, speaker, theory mind, social, mentalizing, speech"
7Networks_LH_Default_PFC_6,-6,44,8,Default,31,"cingulate, anterior cingulate, cingulate cortex, medial prefrontal, anterior, medial, prefrontal cortex, mpfc, default mode, pcc, default, prefrontal, appraisal, autobiographical, ventromedial prefrontal, cortex mpfc, economic, cortex anterior, vmpfc, acc, network dmn, mesolimbic, dmn, connectivity, ventromedial, mentalizing, posterior cingulate, recollection, emotional, social, reward"
7Networks_LH_Default_PFC_7,-9,59,20,Default,29,"medial prefrontal, social, medial, prefrontal, mpfc, personal, dorsomedial, cortex mpfc, recollection, dorsomedial prefrontal, mentalizing, mood, prefrontal cortex, referential, traits, personality traits, mental states, midline, self referential, intentions, judgments, pole, autobiographical, memory load, cortex precuneus, amygdala, default, default network, memory"
7Networks_LH_Default_PFC_8,-6,30,24,Default,22,"anterior cingulate, cingulate, cingulate cortex, anterior, acc, cortex acc, cingulate cortices, insula anterior, anterior insula, pain, insula, dorsal anterior, modulatory, value, dopaminergic, noxious, signal task, gain, prefrontal cortex, insular, prefrontal, reward"
7Networks_LH_Default_PFC_9,-11,47,45,Default,25,"prefrontal, negative positive, medial prefrontal, inferences, person, social, difficulty, dorsomedial prefrontal, linguistic, theory mind, mpfc, task difficulty, recollection, prefrontal cortex, mind tom, cortex mpfc, sentence, pictures, encoding, medial, temporal pole, mind, tom, mental states, semantic"
7Networks_LH_Default_PFC_10,-3,33,43,Default,15,"domain general, medial frontal, medial, retrieval, chinese, episodic, recognition memory, frontal, complexity, ventrolateral, word, words, semantic, demands, memory"
7Networks_LH_Default_PFC_11,-40,19,49,Default,10,"autobiographical, belief, episodic, prefrontal, updating, recollection, episodic memory, mind tom, memory retrieval, tom"
7Networks_LH_Default_PFC_12,-24,25,49,Default,12,"autobiographical, default, default network, autobiographical memory, lexical decision, default mode, personal, resting, midline, resting state, episodic, medial"
7Networks_LH_Default_PFC_13,-9,17,63,Default,17,"remembering, reappraisal, personal, prefrontal, fronto temporal, emotion regulation, pre supplementary, autobiographical, temporoparietal junction, success, memories, recollection, autobiographical memory, mentalizing, medial prefrontal, episodic, medial"
7Networks_LH_Default_pCunPCC_1,-11,-56,13,Default,30,"autobiographical, retrosplenial, autobiographical memory, episodic, posterior cingulate, parahippocampal cortex, medial temporal, memories, parahippocampal, medial, memory retrieval, retrosplenial cortex, semantic memory, episodic memory, default, memory, personal, lobe mtl, default mode, retrieval, construction, concrete, navigation, retrieved, ventromedial prefrontal, recollection, mtl, anterior medial, recall, cingulate"
7Networks_LH_Default_pCunPCC_2,-5,-55,27,Default,50,"autobiographical, default, posterior cingulate, default mode, theory mind, autobiographical memory, dmn, network dmn, remembering, mind tom, mental states, tom, midline, episodic, mind, medial prefrontal, theory, cingulate, functional connectivity, medial, anterior medial, posterior, memory retrieval, mood, retrieval, cortex posterior, social, dmpfc, resting state, social cognition, mpfc, resting, pcc, connectivity, precuneus, cognitive, social cognitive, cognition, episodic memory, precuneus posterior, mental state, vmpfc, cortex pcc, memories, empathy, thinking, cortex mpfc, default network, cingulate cortex, memory"
7Networks_LH_Default_pCunPCC_3,-4,-30,37,Default,14,"posterior cingulate, recognition memory, cingulate, cortex pcc, mnemonic, lateral medial, prefrontal, retrieval, cingulate cortex, cortices, posterior, pcc, medial, episodic"
7Networks_LH_Default_pCunPCC_4,-6,-55,42,Default,22,"theory mind, mind tom, tom, precuneus, mind, mental states, theory, medial prefrontal, comprehension, beliefs, temporo parietal, integrating, mentalizing, precuneus posterior, default, social, parietal junction, semantic, autism spectrum, medial, default mode, retrieval"
7Networks_LH_Default_PHC_1,-26,-32,-18,Default,8,"ventral tegmental, tegmental, fa, regulating, fasciculus, sn, paralimbic, heart"
7Networks_RH_Vis_1,39,-35,-23,Visual,8,"ventral tegmental, tegmental, fa, regulating, fasciculus, sn, paralimbic, heart"
7Networks_RH_Vis_2,27,-35,-15,Visual,35,"parahippocampal, navigation, medial temporal, parahippocampal cortex, memory encoding, episodic, autobiographical, hippocampus, memories, parahippocampal gyrus, episodic memory, hippocampal, memory, retrosplenial, fusiform, medial, autobiographical memory, lobe mtl, mtl, anterior hippocampus, temporal lobe, remembering, encoding, events, experiences, default, virtual, familiar, semantic memory, object, recollection, visual stream, default mode, imagined, retrieval"
7Networks_RH_Vis_3,28,-69,-12,Visual,9,"visual, fusiform, visual cortex, fusiform gyrus, visually, extrastriate, mt, occipital, face ffa"
7Networks_RH_Vis_4,12,-64,-4,Visual,5,"lingual, lingual gyrus, encode, medial temporal, hippocampal"
7Networks_RH_Vis_5,48,-72,-6,Visual,45,"visual, v5, mt, motion, occipital, lateral occipital, visual perception, video clips, fusiform, extrastriate, perception, video, objects, face, viewing, object, gestures, occipital cortex, selective, v1, faces, occipitotemporal, fusiform gyrus, fusiform face, videos, covert, facial, ffa, object recognition, body, inferior occipital, occipito temporal, visual cortex, visual field, face recognition, passively, visually, ventral visual, face ffa, occipito, sighted, hands, grasping, visual motion, sulcus"
7Networks_RH_Vis_6,11,-92,-5,Visual,15,"visual, visual cortex, objects, occipital cortex, early visual, occipital, fusiform, v1, object, occipito, occipito temporal, occipital temporal, ventral visual, category, temporal cortex"
7Networks_RH_Vis_7,16,-46,-1,Visual,16,"hippocampus, parahippocampal, remembering, episodic, episodic memory, parahippocampal gyrus, regulate, retrosplenial, hippocampal, parahippocampal cortex, amygdala anterior, navigation, anterior hippocampus, encoding, memory, medial temporal"
7Networks_RH_Vis_8,30,-93,-4,Visual,15,"occipital, inferior occipital, visual, fusiform, occipital gyrus, lateral occipital, fusiform gyrus, ventral visual, occipital cortex, early visual, extrastriate, word, word form, face, tasks"
7Networks_RH_Vis_9,9,-75,8,Visual,21,"early visual, v1, visual, sighted, inferior superior, cuneus, primary visual, eye movement, eye movements, gaze, video, eye, fixation, visual cortex, lingual gyrus, preparatory, color, extrastriate, saccades, remembering, movements"
7Networks_RH_Vis_10,21,-60,7,Visual,11,"retrosplenial, occipital, navigation, spatial information, temporal inferior, articulatory, lingual, operculum, parahippocampal, execution, visual"
7Networks_RH_Vis_11,42,-80,10,Visual,14,"lateral occipital, visual, mt, occipital, v5, word form, motion, occipitotemporal, occipito, task difficulty, occipital cortex, occipital temporal, occipito temporal, intraparietal"
7Networks_RH_Vis_12,19,-90,21,Visual,5,"visual, visual cortices, occipital, objects, videos"
7Networks_RH_Vis_13,11,-74,25,Visual,4,"motor premotor, cuneus, occipital cortex, occipital"
7Networks_RH_Vis_14,16,-85,39,Visual,5,"parieto occipital, v1, motion, cuneus, visual"
7Networks_RH_Vis_15,32,-75,32,Visual,30,"intraparietal sulcus, visual, intraparietal, object, spatial, virtual, visuospatial, parietal, sulcus, posterior parietal, ips, occipital, locations, visually, tasks, parietal cortex, objects, orienting, gestures, sulcus ips, vision, navigation, parietal frontal, eye, execution, object recognition, mt, occipito, occipito temporal, eye fields"
7Networks_RH_SomMot_1,52,-15,5,Somato Motor,53,"auditory, auditory cortex, speech, sound, primary auditory, listening, heschl, acoustic, sounds, listened, heschl gyrus, superior temporal, music, planum, spoken, gyrus stg, planum temporale, temporale, speech production, musical, audiovisual, hearing, temporal, silent, superior, linguistic, auditory stimuli, speakers, temporal gyrus, speaker, comprehension, production, tone, visual auditory, lateralization, pitch, heard, sensory, speech perception, streams, articulatory, language, multisensory, modalities, coordination, sulcus sts, posterior insula, naturalistic, covert, perception, primary, sts, temporal sulcus"
7Networks_RH_SomMot_2,64,-23,7,Somato Motor,52,"auditory, superior temporal, auditory cortex, planum temporale, temporale, sounds, planum, acoustic, pitch, speech, superior, heschl gyrus, sound, tone, heschl, temporal gyrus, vocal, temporal, noise, gyrus stg, voice, listening, auditory stimuli, music, production, speech perception, primary auditory, audiovisual, sts, musical, hearing, perception, posterior superior, musicians, temporal sulcus, visual auditory, sensory, integration, spoken, linguistic, sequences, gyrus superior, temporal gyri, temporal inferior, gyrus, speaking, multisensory, listened, language, inferior frontal, speech production, sulcus"
7Networks_RH_SomMot_3,38,-13,14,Somato Motor,26,"posterior insula, insula, pain, painful, stimulation, noxious, somatosensory, insular, somatosensory cortices, nociceptive, autonomic, insular cortex, chronic pain, primary somatosensory, depth, tactile, anterior insula, cortices, hippocampus, secondary somatosensory, ratings, insula anterior, sensory, brainstem, anterior, cingulate"
7Networks_RH_SomMot_4,44,-27,18,Somato Motor,27,"somatosensory, foot, anterior insula, insula, noxious, stimulation, secondary somatosensory, movement, auditory, sii, movements, ipsilateral, motor, coordination, task difficulty, pain, supplementary, auditory cortex, primary, speech, somatosensory cortex, tactile, primary auditory, supplementary motor, posterior insula, execution, sensorimotor"
7Networks_RH_SomMot_5,59,0,11,Somato Motor,9,"somatosensory, sii, secondary somatosensory, rehabilitation, motor, primary, si, posterior insula, painful"
7Networks_RH_SomMot_6,57,-12,15,Somato Motor,30,"somatosensory, secondary somatosensory, somatosensory cortices, somatosensory cortex, tactile, nociceptive, postcentral, sii, pain, insula, touch, pitch, cortices, vocal, s1, anterior insula, primary secondary, auditory, electrical, discriminative, stimulation, insula anterior, operculum, superior temporal, sensory, temporal, sounds, primary, painful, motor cortex"
7Networks_RH_SomMot_7,58,-5,30,Somato Motor,10,"speech production, production, motor, sensorimotor, premotor cortex, somatosensory, speech, imitation, premotor, cerebellum"
7Networks_RH_SomMot_8,9,-15,41,Somato Motor,6,"cingulate, cingulate cortex, connectivity, theory mind, mind tom, autobiographical"
7Networks_RH_SomMot_9,51,-23,52,Somato Motor,32,"finger, somatosensory cortices, somatosensory, contralateral, tactile, ipsilateral, primary somatosensory, finger tapping, primary motor, movements, hand, tapping, motor, postcentral, primary, motor imagery, movement, hand movements, hands, postcentral gyrus, imagery, finger movements, hemisphere, cortices, motor cortex, handed, sensorimotor cortex, parietal, superior parietal, somatosensory cortex, sensorimotor, index finger"
7Networks_RH_SomMot_10,47,-11,48,Somato Motor,19,"sensorimotor, sensorimotor cortex, motor, motor cortex, primary motor, eye field, movement, eye, hand, frontal eye, saccades, premotor cortex, eye movements, m1, movements, primary, executed, premotor, supplementary"
7Networks_RH_SomMot_11,7,-11,52,Somato Motor,25,"motor premotor, supplementary motor, movements, motor cortex, supplementary, motor, sensorimotor, motor imagery, ipsilateral, motor sma, primary motor, primary sensorimotor, contralateral, executed, movement, hand movements, premotor, cerebellum, finger, hand, index finger, sensorimotor cortex, primary, foot, force"
7Networks_RH_SomMot_12,39,-24,57,Somato Motor,53,"m1, motor cortex, ipsilateral, contralateral, primary motor, finger, cortex m1, motor, hand, finger movements, sensorimotor cortex, primary, movements, sensorimotor, movement, motor task, premotor, tapping, hands, premotor cortex, dorsal premotor, handed, finger tapping, index finger, somatosensory, motor premotor, limb, supplementary motor, magnetic stimulation, motor imagery, somatosensory cortex, supplementary, imagery, motor network, reorganization, stimulation tms, motor function, sequential, si, primary sensorimotor, motor sma, interhemispheric, stroke, force, somatosensory cortices, hand movements, stimulation, s1, coordination, motor performance, primary secondary, secondary somatosensory, execution"
7Networks_RH_SomMot_13,32,-41,64,Somato Motor,18,"motor function, parietal, sensorimotor, primary sensorimotor, hand, superior parietal, contralateral, motor, tactile, hands, somatosensory, primary secondary, ips, sensorimotor cortex, sulcus ips, movement, premotor, pain"
7Networks_RH_SomMot_14,32,-20,64,Somato Motor,46,"hand, motor cortex, motor, primary motor, cortex m1, premotor, m1, finger, sensorimotor cortex, primary, sensorimotor, ipsilateral, movement, primary sensorimotor, motor task, contralateral, movements, tapping, finger tapping, index finger, motor performance, premotor cortex, coordination, interhemispheric, somatosensory, limb, motor imagery, motor premotor, handed, hands, primary secondary, stroke, execution, somatosensory cortex, magnetic stimulation, loop, finger movements, arm, inferior superior, dominant, supplementary motor, secondary somatosensory, grasping, s1, dorsal premotor, supplementary"
7Networks_RH_SomMot_15,29,-34,65,Somato Motor,16,"postcentral, primary motor, somatosensory, pain, motor premotor, motor, painful, secondary somatosensory, primary, primary secondary, somatosensory cortices, motor function, motor cortex, contralateral, sensorimotor, premotor"
7Networks_RH_SomMot_16,22,-9,67,Somato Motor,21,"dorsal premotor, premotor, motor, motor performance, sensorimotor, primary motor, motor imagery, dorsal, supplementary motor, premotor cortex, gaze, hand, movements, reward anticipation, primary sensorimotor, motor cortex, supplementary, anticipation, imagery, index finger, coordination"
7Networks_RH_SomMot_17,10,-39,69,Somato Motor,19,"primary motor, cortex m1, foot, motor cortex, sensations, pain, m1, sensorimotor, sensation, nociceptive, limb, somatosensory, movement, primary, somatosensory cortices, secondary somatosensory, motor, sensorimotor cortex, movements"
7Networks_RH_SomMot_18,7,-23,67,Somato Motor,29,"foot, limb, somatosensory, sensorimotor, primary, primary somatosensory, primary sensorimotor, motor imagery, movements, somatosensory cortex, primary motor, ipsilateral, noxious, contralateral, sensorimotor cortex, motor, movement, motor cortex, nociceptive, secondary somatosensory, discriminative, motor premotor, motor network, pain, compensation, functional connectivity, coordination, somatosensory cortices, supplementary"
7Networks_RH_SomMot_19,20,-30,70,Somato Motor,19,"primary somatosensory, somatosensory cortex, somatosensory, primary motor, electrical, primary, contralateral, pain, painful, ipsilateral, motor cortex, movements, limb, suppressed, motor, midbrain, secondary somatosensory, brainstem, sensorimotor"
7Networks_RH_DorsAttn_Post_1,50,-53,-15,Dorsal Attention,21,"fusiform, fusiform gyrus, occipito, faces, occipito temporal, face, fusiform face, inferior temporal, ventral visual, recognition, subsequent memory, memory, lexical decision, occipital, encoding, visual, pictures, ventral, facial, medial temporal, temporal"
7Networks_RH_DorsAttn_Post_2,52,-60,9,Dorsal Attention,42,"motion, video clips, video, temporal sulcus, visual, actions, v5, perception, action, posterior superior, sulcus, gestures, extrastriate, action observation, superior temporal, psts, mt, sulcus sts, sts, superior, viewing, social, person, temporal, movements, sighted, visually, ffa, gaze, visual perception, temporo, vision, face ffa, fusiform face, occipito, hand movements, occipito temporal, objects, face, mirror, fusiform, eye movements"
7Networks_RH_DorsAttn_Post_3,60,-17,35,Dorsal Attention,41,"somatosensory, somatosensory cortices, movements, primary somatosensory, somatosensory cortex, postcentral, motor, primary, si, tactile, secondary somatosensory, primary motor, action observation, movement, touch, pain, premotor, actions, sensorimotor cortex, hands, finger, sii, supplementary motor, sensorimotor, inferior parietal, simulation, lobule, body, video clips, contralateral, ipsilateral, parietal lobule, mirror, supplementary, hand, primary secondary, action, motor control, limb, motor cortex, premotor cortex"
7Networks_RH_DorsAttn_Post_4,46,-37,49,Dorsal Attention,38,"intraparietal, parietal, intraparietal sulcus, parietal cortex, tasks, premotor, spatial, posterior parietal, sulcus, finger, inferior parietal, superior parietal, ips, index finger, parieto, motor, anterior intraparietal, tactile, visuospatial, sulcus ips, task, working, working memory, premotor cortex, finger movements, memory load, ventral premotor, fronto parietal, hand, dominant, visually, visual, eye fields, attentional, gain, motor premotor, movements, execution"
7Networks_RH_DorsAttn_Post_5,42,-31,46,Dorsal Attention,48,"premotor, parietal, intraparietal, motor, intraparietal sulcus, hand, posterior parietal, premotor cortex, movements, finger, tactile, visual, contralateral, planning, parietal cortex, somatosensory, cortex ppc, motor premotor, finger movements, ppc, tapping, execution, action observation, spatial, sulcus, primary somatosensory, parietal occipital, action, touch, serial, actions, sensorimotor, ventral premotor, coordination, perceptual, movement, interference, hands, finger tapping, index finger, superior parietal, body, tasks, visuospatial, fronto parietal, motor task, motor imagery, objects"
7Networks_RH_DorsAttn_Post_6,15,-73,53,Dorsal Attention,23,"orienting, parietal, frontoparietal network, calculation, frontoparietal, intraparietal sulcus, intraparietal, eye fields, task, parietal cortex, tasks, superior parietal, parietal network, motor imagery, attention, fronto parietal, attentional, virtual, frontal eye, visuospatial, dorsal premotor, premotor, premotor cortex"
7Networks_RH_DorsAttn_Post_7,35,-48,51,Dorsal Attention,46,"parietal, intraparietal, intraparietal sulcus, premotor, ips, symbolic, sulcus ips, execution, tasks, motor imagery, parietal cortex, posterior parietal, hand, action observation, action, mirror, ventral premotor, videos, movements, sulcus, dorsal premotor, imagery, frontal eye, fronto parietal, attentional, premotor cortex, superior parietal, spatial, visual, eye field, middle occipital, inferior parietal, parietal frontal, rotation, attention, eye, frontoparietal, grasping, orienting, motor, finger, gain, visually, video, finger movements, working memory"
7Networks_RH_DorsAttn_Post_8,26,-61,58,Dorsal Attention,58,"parietal, eye movements, eye, intraparietal, parietal cortex, intraparietal sulcus, superior parietal, saccades, eye fields, posterior parietal, frontal eye, visual, movements, premotor, parietal frontal, visually, sulcus, spatial, ppc, saccade, objects, fronto parietal, cortex ppc, eye field, hands, ips, motion, premotor cortex, attention, sulcus ips, dorsal premotor, object, spl, hand, frontoparietal network, fronto, fixation, posterior, control, v5, parietal network, motor, attentional, visuospatial, limb, sequence, rotation, action observation, occipito, visuomotor, motor imagery, vision, superior, execution, imagery, occipital, ventral premotor, movement"
7Networks_RH_DorsAttn_Post_9,8,-56,61,Dorsal Attention,23,"orienting, navigation, spatial, intraparietal sulcus, parietal, visual attention, precuneus, intraparietal, premotor, real world, superior parietal, gyrus cerebellum, planning, declines, memory wm, supramarginal gyrus, sulcus, parieto, attention, visuospatial, premotor cortex, finger movements, eye"
7Networks_RH_DorsAttn_Post_10,21,-48,70,Dorsal Attention,9,"middle cingulate, tracking, somatosensory, motor premotor, timing, movements, superior parietal, premotor, parietal"
7Networks_RH_DorsAttn_FEF_1,35,-4,52,Dorsal Attention,55,"eye fields, frontal eye, eye, premotor, premotor cortex, motor, movements, parietal, finger movements, eye field, intraparietal, saccade, finger, parietal frontal, supplementary, execution, eye movements, saccades, motor network, spatial attention, dorsal premotor, intraparietal sulcus, preparation, parietal cortex, imagery, attention, posterior parietal, movement, gain, task, action, preparatory, frontal, motor task, tasks, sulcus, fixation, spatial, ventral premotor, cortex supplementary, memory load, mental imagery, fronto parietal, visual, attentional, motor function, target, motor imagery, load, orienting, planning, sensorimotor, sulcus ips, supplementary motor, action observation"
7Networks_RH_DorsAttn_FEF_2,26,7,58,Dorsal Attention,36,"working, working memory, memory load, visuospatial, memory, navigation, tasks, intraparietal sulcus, parietal, task, intraparietal, fronto parietal, frontoparietal, load, memory task, memory tasks, demands, fronto, difficulty, premotor, task difficulty, dorsal premotor, planning, memory wm, prefrontal, calculation, cognitive, risk taking, dorsolateral, risky, virtual, wm, parietal cortex, parietal network, motor, premotor cortex"
7Networks_RH_DorsAttn_PrCv_1,51,11,20,Dorsal Attention,24,"parietal, tasks, inferior frontal, task, inferior, premotor, frontal, ventral premotor, working memory, imitation, working, parietal cortex, broca, motor task, demands, basal, sulcus ips, gyrus ifg, motor, phonological, basal ganglia, ganglia, inferior parietal, premotor cortex"
7Networks_RH_SalVentAttn_TempOccPar_1,57,-45,10,Salient Ventral Attention,46,"temporal sulcus, posterior superior, sts, superior temporal, sulcus, psts, sulcus sts, face, temporal, motion, facial, superior, facial expressions, gaze, social, expressions, planum temporale, temporale, ffa, faces, facial expression, planum, angry, stop signal, stop, sounds, auditory, occipital gyrus, fusiform face, theory mind, signal task, oddball, listening, inferior occipital, visual, audiovisual, action, fusiform, junction, face ffa, mental states, visual auditory, posterior middle, fusiform gyri, posterior, acoustic"
7Networks_RH_SalVentAttn_TempOccPar_2,60,-38,17,Salient Ventral Attention,27,"superior temporal, psts, auditory, posterior superior, planum temporale, temporale, sound, planum, auditory visual, temporal sulcus, motion, audiovisual, videos, superior, premotor, action observation, sulcus, action, temporal, multisensory, premotor cortex, sounds, ventral premotor, pointing, watching, acoustic, motor"
7Networks_RH_SalVentAttn_TempOccPar_3,60,-26,28,Salient Ventral Attention,46,"somatosensory, pain, somatosensory cortices, sensorimotor, secondary somatosensory, somatosensory cortex, ipsilateral, motor, supplementary motor, supplementary, tactile, movement, hand, primary, sensorimotor network, painful, primary somatosensory, paralimbic, primary motor, motor cortex, contralateral, motor task, autonomic, video, force, premotor, cortex cerebellum, noxious, cerebellum, electrical, limb, cortex supplementary, motor sma, premotor cortex, foot, action observation, actions, hands, cortices, video clips, inferior parietal, imagine, insula, superior inferior, posterior insula, movements"
7Networks_RH_SalVentAttn_PrC_1,51,4,40,Salient Ventral Attention,36,"premotor, premotor cortex, motor, frontal eye, movements, ventral premotor, cortex supplementary, eye, eye movements, eye field, eye fields, sensorimotor, supplementary, execution, saccades, pre sma, supplementary motor, covert, movement, superior inferior, somatosensory cortices, primary motor, reorganization, listening, parietal frontal, imagery, motor task, audiovisual, motor imagery, finger, auditory, speech, motor control, tasks, parietal, cerebellum"
7Networks_RH_SalVentAttn_FrOperIns_1,41,6,-15,Salient Ventral Attention,19,"amygdala, insula, taste, valence, neutral, theory mind, emotional, eating, pleasant, anterior, emotional faces, mind tom, unpleasant, paralimbic, cingulate, tom, insular, anterior cingulate, orbitofrontal"
7Networks_RH_SalVentAttn_FrOperIns_2,46,-3,-4,Salient Ventral Attention,23,"insula, musical, insular cortex, secondary somatosensory, listening, insula anterior, anterior insula, empathy, insular, putamen, pitch, posterior insula, somatosensory cortices, painful, pain, primary somatosensory, music, touch, anterior insular, acoustic, somatosensory, auditory, anterior"
7Networks_RH_SalVentAttn_FrOperIns_3,36,24,5,Salient Ventral Attention,33,"anterior insula, insula, task, anterior insular, gain, insula anterior, insular, anterior, calculation, working memory, insular cortex, working, tasks, mood, demands, difficulty, arithmetic, pain, frontal, memory wm, ptsd, task difficulty, painful, secondary somatosensory, anterior cingulate, pre sma, modality, maintenance, orthographic, intraparietal, intraparietal sulcus, prefrontal, parietal"
7Networks_RH_SalVentAttn_FrOperIns_4,44,7,4,Salient Ventral Attention,28,"insula, pain, thalamus, motor, painful, insular, insular cortex, supplementary motor, supplementary, posterior insula, sensation, electrical, sensations, anterior insula, limb, anterior cingulate, empathy, primary, sensorimotor cortex, insula anterior, noxious, index finger, motor performance, primary motor, somatosensory, acc, putamen, cerebellum"
7Networks_RH_SalVentAttn_Med_1,7,9,41,Salient Ventral Attention,32,"pain, motor, insula anterior, autonomic, cingulate, supplementary, supplementary motor, anterior cingulate, tapping, motor imagery, control, anterior prefrontal, painful, cingulate cortex, behavioral responses, target, insula, execution, foot, secondary somatosensory, anterior, movement, electrical, somatosensory, noxious, anterior insula, task, finger, primary, premotor, primary motor, prefrontal"
7Networks_RH_SalVentAttn_Med_2,11,-36,47,Salient Ventral Attention,5,"asd, spectrum disorder, social, pain, insula"
7Networks_RH_SalVentAttn_Med_3,9,4,65,Salient Ventral Attention,45,"motor, supplementary, movement, supplementary motor, primary motor, movements, saccade, motor cortex, premotor, eye fields, premotor cortex, motor sma, dorsal premotor, production, eye movements, sensorimotor, motor imagery, superior inferior, eye, cerebellum, finger, saccades, speech production, pre sma, motor performance, serial, reorganization, cortex m1, visually, generation, subcortical, pre supplementary, imagery, finger tapping, caudal, target, hand, empathy, handed, basal ganglia, ganglia, coordination, basal, primary, parietal"
7Networks_RH_Limbic_OFC_1,12,39,-21,Limbic,20,"orbitofrontal, heart rate, heart, autonomic, orbitofrontal cortex, olfactory, ofc, sexual, orbital, ventromedial, craving, medial, medial orbitofrontal, subjective, video clips, cortex ofc, ventromedial prefrontal, cingulate, posterior cingulate, medial prefrontal"
7Networks_RH_Limbic_OFC_2,28,22,-19,Limbic,19,"orbitofrontal cortex, orbitofrontal, cortex ofc, ofc, emotion regulation, traits, cortex insula, amygdala, regulation, medial, game, prefrontal, social, hippocampus, emotional, affective, medial prefrontal, insula, reward"
7Networks_RH_Limbic_OFC_3,15,64,-8,Limbic,13,"orbitofrontal, medial lateral, orbitofrontal cortex, lateral orbitofrontal, midbrain, medial orbitofrontal, economic, mm, loop, word recognition, resting state, resting, hypothalamus"
7Networks_RH_Limbic_TempPole_1,30,8,-37,Limbic,9,"amygdala hippocampus, mild cognitive, frontal temporal, amygdala, temporal, amnestic, mci, lobe, dementia"
7Networks_RH_Limbic_TempPole_2,47,-12,-35,Limbic,21,"speech production, production, vocal, speech, primary motor, motor cortex, naming, motor, pitch, primary, premotor cortex, articulatory, oral, supplementary motor, premotor, pseudowords, supplementary, cortex m1, motor premotor, somatosensory, sensorimotor"
7Networks_RH_Limbic_TempPole_3,25,-12,-31,Limbic,23,"parahippocampal, parahippocampal cortex, parahippocampal gyrus, remember, mtl, amygdala hippocampus, lateral parietal, medial temporal, autism spectrum, subgenual, task positive, amygdala, hippocampal, hippocampus, temporal lobe, familiarity, asd, spectrum, lobe mtl, inferior temporal, recollection, spectrum disorders, navigation"
7Networks_RH_Cont_Par_1,62,-37,37,Control,18,"motor imagery, inferior parietal, supramarginal, supramarginal gyrus, parietal, motor, foot, force, hand, imagine, action observation, anterior insula, lateral temporal, primary motor, premotor, contralateral, movements, cerebellum"
7Networks_RH_Cont_Par_2,53,-42,48,Control,26,"parietal, working memory, working, inferior parietal, fronto parietal, parietal cortex, frontal parietal, task, tasks, memory wm, wm, fronto, cognitive control, frontoparietal, intraparietal, signal task, dorsolateral, cognitive, dorsolateral prefrontal, stop signal, frontal, anterior insula, posterior parietal, intraparietal sulcus, inferior, insula"
7Networks_RH_Cont_Par_3,38,-63,47,Control,27,"parietal, intraparietal sulcus, frontoparietal network, intraparietal, retrieval, posterior parietal, parietal cortex, superior parietal, frontoparietal, angular, memory retrieval, parietal lobule, maintenance, parietal network, angular gyrus, memory, task, prefrontal parietal, word pairs, target, track, calculation, lobule, anterior prefrontal, object, sulcus, prefrontal"
7Networks_RH_Cont_Temp_1,63,-42,-12,Control,7,"amygdala hippocampus, decision making, decision, semantic memory, posterior temporal, hippocampus, inferior temporal"
7Networks_RH_Cont_PFCv_1,34,21,-8,Control,36,"anterior insula, task, gain, insula, anterior cingulate, anterior, mood, demands, acc, behavior, insular, reward, task difficulty, cortex acc, prefrontal, parietal cortex, game, stop, correct, interpersonal, working, working memory, anterior insular, salience network, choice, insula anterior, anticipation, difficulty, dorsal anterior, load, cingulate, tasks, frontal, cingulate cortex, prefrontal cortex, retrieval"
7Networks_RH_Cont_PFCl_1,35,46,-13,Control,7,"orbitofrontal, orbitofrontal cortex, ofc, cortex ofc, lateral orbitofrontal, retrieved, striatum"
7Networks_RH_Cont_PFCl_2,29,58,5,Control,13,"frontopolar, anterior prefrontal, autobiographical memory, prefrontal, loop, autobiographical, prefrontal cortex, episodic memory, rules, episodic, striatal, retrieval, navigation"
7Networks_RH_Cont_PFCl_3,43,45,10,Control,8,"insular cortex, noxious, prefrontal, ventrolateral, prefrontal cortex, parietal, anterior insula, insula"
7Networks_RH_Cont_PFCl_4,45,23,26,Control,9,"memory, working, working memory, frontal, prefrontal, tasks, task, semantic, prefrontal cortex"
7Networks_RH_Cont_PFCl_5,30,48,27,Control,9,"response inhibition, pharmacological, nogo, executive, inhibition, anterior cingulate, noxious, cingulate, frontal"
7Networks_RH_Cont_PFCl_6,41,33,37,Control,24,"working, working memory, task, memory wm, prefrontal, dorsolateral, dorsolateral prefrontal, wm, prefrontal cortex, genes, choose, maintenance, executive, capacity, memory load, dlpfc, cognitive, losses, lateral prefrontal, memory, anterior prefrontal, parietal, risk taking, tasks"
7Networks_RH_Cont_PFCl_7,42,14,49,Control,2,"inferior middle, autobiographical"
7Networks_RH_Cont_pCun_1,14,-70,36,Control,13,"precuneus, frontal cortices, thoughts, recognition memory, precuneus posterior, cortex precuneus, lateral parietal, prefrontal parietal, memory retrieval, episodic memory, episodic, parietal, retrieval"
7Networks_RH_Cont_Cing_1,5,-25,31,Control,14,"stop signal, signal task, stop, response inhibition, cognitive control, cingulate, inhibition, posterior cingulate, reward, cingulate cortex, anterior cingulate, caudate nucleus, task, anterior"
7Networks_RH_Cont_Cing_2,5,4,29,Control,4,"taste, anterior cingulate, punishment, cingulate"
7Networks_RH_Cont_PFCmp_1,7,30,28,Control,33,"anterior cingulate, cingulate, anterior, cingulate cortex, acc, anterior insula, dorsal anterior, cortex acc, task, fronto striatal, insula, cortex dacc, conflict, dacc, stop signal, gain, errors, caudate nucleus, stop, insula anterior, task difficulty, thalamus, attentional, fronto, pain, signal task, basal ganglia, prefrontal, striatal, ganglia, painful, reward, basal"
7Networks_RH_Cont_PFCmp_2,8,26,55,Control,19,"stop signal, errors, stop, signal task, uncertainty, cingulate cortices, error, conflict, globus pallidus, pallidus, globus, medial pfc, pre supplementary, medial, noxious, supplementary motor, mentalizing, supplementary, cingulate"
7Networks_RH_Default_Par_1,47,-70,28,Default,26,"default, autobiographical, default mode, default network, autobiographical memory, cortex medial, posterior cingulate, retrieved, angular, retrieval, medial, medial temporal, retrosplenial, memory test, memories, angular gyrus, dmn, lateral parietal, temporal, remembering, precuneus, functional connectivity, resting, middle temporal, resting state, hippocampal"
7Networks_RH_Default_Par_2,54,-50,28,Default,19,"junction, theory mind, temporoparietal junction, parietal junction, temporoparietal, mind, tpj, temporo parietal, mind tom, beliefs, tom, theory, mental states, memory performance, temporo, temporal parietal, parietal, cingulate, medial"
7Networks_RH_Default_Par_3,51,-59,44,Default,12,"inferior parietal, parietal, choices, thoughts, medial lateral, choose, choice, value, events, reappraisal, default mode, prefrontal"
7Networks_RH_Default_Temp_1,47,13,-30,Default,45,"mental states, theory mind, temporal pole, person, mind, anterior temporal, belief, pole, mind tom, theory, social, tom, communication, mentalizing, beliefs, medial prefrontal, violations, memories, temporal, medial, social interaction, fronto temporal, comprehension, social cognitive, intentional, mtg, medial pfc, linguistic, read, retrieval, modality, retrieved, anterior medial, gestures, posterior cingulate, cortex posterior, video, medial orbitofrontal, semantic memory, language, junction, posterior, temporal sulcus, superior temporal, speech"
7Networks_RH_Default_Temp_2,61,-13,-21,Default,21,"somatosensory, somatosensory cortex, postcentral, tactile, postcentral gyrus, somatosensory cortices, sii, touch, secondary somatosensory, taste, speech production, thalamus, primary motor, electrical, cortices, primary somatosensory, pitch, production, auditory, sensorimotor, motor"
7Networks_RH_Default_Temp_3,55,-6,-10,Default,40,"superior temporal, listening, speech, auditory, temporal, temporal sulcus, superior, linguistic, acoustic, musical, sentences, speaker, comprehension, gyrus stg, auditory cortex, sts, temporal frontal, temporal gyrus, sounds, heard, anterior temporal, listened, voice, music, spoken, posterior superior, primary auditory, sensations, temporal lobes, construction, temporal cortex, sentence, semantic, parietal temporal, sulcus sts, anterior superior, inferior frontal, sound, lexical, sulcus"
7Networks_RH_Default_Temp_4,62,-27,-5,Default,45,"auditory, speech, sounds, temporal, spoken, superior temporal, speaker, temporal sulcus, voice, listening, listened, language, sts, auditory cortex, comprehension, sound, superior, acoustic, temporal gyrus, posterior superior, language comprehension, sentences, sulcus sts, words, lateral temporal, frontotemporal, planum temporale, speech perception, temporale, semantic, planum, sulcus, speech production, anterior superior, frontal temporal, phonological, recognizing, temporal lobes, middle temporal, gyrus, vocal, sentence, gyrus stg, linguistic, production"
7Networks_RH_Default_Temp_5,52,-31,2,Default,61,"temporal sulcus, superior temporal, auditory, speech, listening, sts, temporal, posterior superior, sentences, sulcus, superior, spoken, audiovisual, linguistic, comprehension, sentence, language, speaker, psts, auditory cortex, voice, vocal, heard, temporal gyrus, auditory visual, acoustic, sounds, sulcus sts, inferior frontal, word, words, expressions, verbs, facial, syntactic, sound, gyrus, production, planum, hearing, speech production, temporo, asd, posterior, facial expressions, planum temporale, speech perception, temporale, frontal gyrus, pitch, gestures, temporo parietal, middle temporal, inferior, language comprehension, semantic, verb, languages, mind tom, reading, tom"
7Networks_RH_Default_PFCv_1,51,28,0,Default,25,"empathy, video, video clips, inferior frontal, expressions, emotional, inferior, insula, emotions, comprehension, social, amygdala, frontal, superior temporal, communication, facial, autobiographical, personal, autobiographical memory, affective, vocal, noxious, language comprehension, temporal, prefrontal"
7Networks_RH_Default_PFCdPFCm_1,5,36,-14,Default,22,"orbitofrontal, medial orbitofrontal, orbitofrontal cortex, ventromedial, amygdala, medial, ventromedial prefrontal, anterior cingulate, cingulate, fear, vmpfc, negative affect, medial prefrontal, retrosplenial, cingulate cortex, social cognition, mpfc, acc, anterior, theory mind, social, prefrontal cortex"
7Networks_RH_Default_PFCdPFCm_2,8,42,4,Default,31,"anterior cingulate, cingulate, anterior, cingulate cortex, acc, cortex anterior, mood, prefrontal, medial prefrontal, rostral, medial, prefrontal cortex, value, ventral striatum, ventromedial prefrontal, insula, memory retrieval, cortex amygdala, likelihood, striatum, cortex acc, episodic memory, subsequent memory, rewards, choose, ventromedial, vmpfc, subgenual, posterior cingulate, orbitofrontal, noxious"
7Networks_RH_Default_PFCdPFCm_3,6,29,15,Default,14,"anterior cingulate, cingulate, anterior, acc, cortex acc, cingulate cortex, taste, happy faces, amygdala anterior, neutral pictures, control processes, reward, dorsal anterior, affective"
7Networks_RH_Default_PFCdPFCm_4,9,58,19,Default,35,"medial prefrontal, medial, mentalizing, prefrontal, prefrontal cortex, mind tom, affective, theory mind, tom, emotional, autobiographical, social, junction, dorsomedial, person, dorsomedial prefrontal, reactions, trait, temporoparietal, mind, noxious, temporoparietal junction, beliefs, valence, midline, mental states, default, arousal, mpfc, intentions, parietal junction, cortex amygdala, expressions, posterior cingulate, cingulate"
7Networks_RH_Default_PFCdPFCm_5,15,46,44,Default,6,"medial pfc, pfc, tpj, dorsomedial, prefrontal, prefrontal cortex"
7Networks_RH_Default_PFCdPFCm_6,28,30,43,Default,4,"default, default mode, biomarker, dorsolateral prefrontal"
7Networks_RH_Default_PFCdPFCm_7,23,24,53,Default,11,"cortex frontal, default, default mode, gyrus medial, lateral parietal, cognitive impairment, mild cognitive, alzheimer disease, resting, alzheimer, memory"
7Networks_RH_Default_pCunPCC_1,13,-55,15,Default,25,"retrosplenial, episodic, posterior cingulate, parahippocampal cortex, episodic memory, navigation, cortex precuneus, precuneus posterior, autobiographical memory, button, precuneus, cortex posterior, default, cognitive impairment, place, autobiographical, parahippocampal, default mode, functional connectivity, retrosplenial cortex, recollection, retrieved, amnestic, retrieval, medial temporal"
7Networks_RH_Default_pCunPCC_2,7,-49,31,Default,23,"default, posterior cingulate, default mode, precuneus, autobiographical, moral, resting state, connectivity, cingulate, cortex precuneus, default network, lateral parietal, resting, dmn, mentalizing, pcc, dorsal attention, precuneus posterior, posterior, functional connectivity, cingulate cortex, theory mind, medial prefrontal"
7Networks_RH_Default_pCunPCC_3,6,-58,44,Default,17,"precuneus, retrosplenial, construction, retrosplenial cortex, beliefs, parietal, temporo parietal, intentions, social, connectivity, functional connectivity, parietal junction, precuneus posterior, mentalizing, cortex precuneus, tpj, anterior"
